{
    "Time-17": [
        {
            "fitness_history": [
                0.0,
                4.782775402069092,
                4.819448471069336,
                4.578352928161621,
                4.3047075271606445,
                4.093361854553223,
                3.593287467956543,
                3.061976432800293,
                2.6923906803131104,
                2.1473066806793213,
                1.9394257068634033
            ],
            "full_ranks": [
                3
            ],
            "ranks": [
                [
                    386
                ],
                [
                    24
                ],
                [
                    15
                ],
                [
                    15
                ],
                [
                    15
                ],
                [
                    15
                ],
                [
                    15
                ],
                [
                    15
                ],
                [
                    15
                ],
                [
                    11
                ],
                [
                    11
                ]
            ],
            "tests": [
                [
                    3075
                ],
                [
                    110
                ],
                [
                    1888
                ],
                [
                    1949
                ],
                [
                    532
                ],
                [
                    1584
                ],
                [
                    3250
                ],
                [
                    1083
                ],
                [
                    1384
                ],
                [
                    2928
                ],
                [
                    1448
                ]
            ]
        }
    ],
    "Time-18": [
        {
            "fitness_history": [
                0.0,
                4.608942031860352,
                4.645071029663086,
                4.384146213531494,
                3.7316009998321533,
                3.2918307781219482,
                2.902721405029297,
                2.708988666534424,
                2.4612436294555664,
                2.2983174324035645,
                2.156118869781494
            ],
            "full_ranks": [
                2
            ],
            "ranks": [
                [
                    322
                ],
                [
                    94
                ],
                [
                    77
                ],
                [
                    73
                ],
                [
                    73
                ],
                [
                    9
                ],
                [
                    9
                ],
                [
                    12
                ],
                [
                    12
                ],
                [
                    11
                ],
                [
                    10
                ]
            ],
            "tests": [
                [
                    46
                ],
                [
                    230
                ],
                [
                    1068
                ],
                [
                    1382
                ],
                [
                    1263
                ],
                [
                    1011
                ],
                [
                    59
                ],
                [
                    2440
                ],
                [
                    2525
                ],
                [
                    789
                ],
                [
                    756
                ]
            ]
        }
    ],
    "Time-19": [
        {
            "fitness_history": [
                0.0,
                4.767640113830566,
                4.868851661682129,
                4.5882086753845215,
                4.366737365722656,
                4.1755781173706055,
                3.834981918334961,
                3.191131591796875,
                2.6840505599975586,
                2.2656965255737305,
                1.8611853122711182
            ],
            "full_ranks": [
                54
            ],
            "ranks": [
                [
                    402
                ],
                [
                    28
                ],
                [
                    3
                ],
                [
                    3
                ],
                [
                    3
                ],
                [
                    2
                ],
                [
                    2
                ],
                [
                    2
                ],
                [
                    2
                ],
                [
                    2
                ],
                [
                    3
                ]
            ],
            "tests": [
                [
                    165
                ],
                [
                    3425
                ],
                [
                    2747
                ],
                [
                    530
                ],
                [
                    663
                ],
                [
                    303
                ],
                [
                    1510
                ],
                [
                    3067
                ],
                [
                    1852
                ],
                [
                    1604
                ],
                [
                    3379
                ]
            ]
        }
    ],
    "Time-20": [
        {
            "fitness_history": [
                0.0,
                4.732625961303711,
                4.78521728515625,
                4.549899101257324,
                4.215948581695557,
                3.8336000442504883,
                3.1459498405456543,
                2.555990695953369,
                2.1417741775512695,
                1.7072277069091797,
                1.5708528757095337
            ],
            "full_ranks": [
                3
            ],
            "ranks": [
                [
                    362
                ],
                [
                    34
                ],
                [
                    78
                ],
                [
                    28
                ],
                [
                    27
                ],
                [
                    27
                ],
                [
                    27
                ],
                [
                    27
                ],
                [
                    23
                ],
                [
                    23
                ],
                [
                    23
                ]
            ],
            "tests": [
                [
                    1455
                ],
                [
                    1730
                ],
                [
                    3685
                ],
                [
                    3082
                ],
                [
                    3311
                ],
                [
                    15
                ],
                [
                    1324
                ],
                [
                    2383
                ],
                [
                    3677
                ],
                [
                    3012
                ],
                [
                    3058
                ]
            ]
        }
    ],