{
    "Chart-10": [
        {
            "fitness_history": [
                0.0,
                3.3586812019348145,
                3.335979461669922,
                2.9793806076049805,
                2.561729907989502,
                2.09769606590271,
                1.7284371852874756,
                1.5319421291351318,
                1.3539942502975464,
                1.3314002752304077,
                1.3309427499771118
            ],
            "full_ranks": [
                2,
                2
            ],
            "ranks": [
                [
                    2,
                    2
                ],
                [
                    2,
                    2
                ],
                [
                    2,
                    2
                ],
                [
                    2,
                    2
                ],
                [
                    2,
                    2
                ],
                [
                    2,
                    2
                ],
                [
                    2,
                    2
                ],
                [
                    2,
                    2
                ],
                [
                    2,
                    2
                ],
                [
                    2,
                    2
                ],
                [
                    2,
                    2
                ]
            ],
            "tests": [
                [
                    146
                ],
                [
                    0
                ],
                [
                    1
                ],
                [
                    2
                ],
                [
                    3
                ],
                [
                    4
                ],
                [
                    5
                ],
                [
                    6
                ],
                [
                    7
                ],
                [
                    8
                ],
                [
                    9
                ]
            ]
        },
        {
            "fitness_history": [
                0.0,
                3.3586812019348145,
                3.335979461669922,
                2.9793806076049805,
                2.561729907989502,
                2.09769606590271,
                1.7284371852874756,
                1.5319421291351318,
                1.3539942502975464,
                1.3314002752304077,
                1.3309427499771118
            ],
            "full_ranks": [
                2,
                2
            ],
            "ranks": [
                [
                    2,
                    2
                ],
                [
                    2,
                    2
                ],
                [
                    2,
                    2
                ],
                [
                    2,
                    2
                ],
                [
                    2,
                    2
                ],
                [
                    2,
                    2
                ],
                [
                    2,
                    2
                ],
                [
                    2,
                    2
                ],
                [
                    2,
                    2
                ],
                [
                    2,
                    2
                ],
                [
                    2,
                    2
                ]
            ],
            "tests": [
                [
                    146
                ],
                [
                    0
                ],
                [
                    1
                ],
                [
                    2
                ],
                [
                    3
                ],
                [
                    4
                ],
                [
                    5
                ],
                [
                    6
                ],
                [
                    7
                ],
                [
                    8
                ],
                [
                    9
                ]
            ]
        }
    ],
    "Chart-6": [
        {
            "fitness_history": [
                0.0,
                3.50919771194458,
                3.5616307258605957,
                3.2127764225006104,
                2.782008409500122,
                2.4046287536621094,
                2.005856513977051,
                1.7513827085494995,
                1.5745460987091064,
                1.4615334272384644,
                1.4192402362823486
            ],
            "full_ranks": [
                14,
                7395
            ],
            "ranks": [
                [
                    24,
                    7395
                ],
                [
                    14,
                    7395
                ],
                [
                    4,
                    7395
                ],
                [
                    4,
                    7395
                ],
                [
                    4,
                    7395
                ],
                [
                    4,
                    7395
                ],
                [
                    4,
                    7395
                ],
                [
                    3,
                    7395
                ],
                [
                    3,
                    7395
                ],
                [
                    3,
                    7395
                ],
                [
                    3,
                    7395
                ]
            ],
            "tests": [
                [
                    689
                ],
                [
                    216
                ],
                [
                    1336
                ],
                [
                    375
                ],
                [
                    439
                ],
                [
                    315
                ],
                [
                    1025
                ],
                [
                    1830
                ],
                [
                    223
                ],
                [
                    361
                ],
                [
                    1864
                ]
            ]
        },
        {
            "fitness_history": [
                0.0,
                3.70742130279541,
                3.6050117015838623,
                3.276219606399536,
                2.83705735206604,
                2.396388292312622,
                1.9578814506530762,
                1.7539108991622925,
                1.5381358861923218,
                1.4710006713867188,
                1.4655851125717163
            ],
            "full_ranks": [
                14,
                7395
            ],